{
    "dt": 0.005,
    "total_time": 1.4299999999999915,
    "n_active": 0,
    "m_kill": 1e-14,
    "v_kill": 59001.43355169484,
    "h_kill": 95243.70007677114,
    "len_kill": -1000,
    "h_init": 180000,
    "P_0m": 935,
    "dens_co": [
        -454.2709309072581,
        20544.42528251862,
        -381777.8643087872,
        3705507.3417760683,
        -19930482.95287617,
        56495797.12508106,
        -66062435.79563239
    ],
    "r_earth": 6371008.7714,
    "total_fragments": 614,
    "wake_psf": 3.0,
    "wake_extension": 200,
    "rho": 285.1964056434012,
    "m_init": 2.376568638830322e-06,
    "v_init": 67883.9392619051,
    "shape_factor": 1.21,
    "sigma": 3.1858488377330066e-08,
    "zenith_angle": 0.49627004333893665,
    "gamma": 1.0,
    "rho_grain": 3000,
    "lum_eff_type": 5,
    "lum_eff": 0.7,
    "mu": 3.8180000000000003e-26,
    "erosion_on": true,
    "erosion_bins_per_10mass": 10,
    "erosion_height_start": 115465.72564725665,
    "erosion_coeff": 3.632296226678321e-07,
    "erosion_height_change": 1,
    "erosion_coeff_change": 3.3e-07,
    "erosion_rho_change": 3700,
    "erosion_sigma_change": 2.3e-08,
    "erosion_grain_distribution": "powerlaw",
    "erosion_mass_index": 2.244986384300838,
    "erosion_mass_min": 1.8321117047723513e-11,
    "erosion_mass_max": 7.095247181975865e-08,
    "disruption_on": false,
    "compressive_strength": 2000,
    "disruption_height": null,
    "disruption_erosion_coeff": 3.3e-07,
    "disruption_mass_index": 2.0,
    "disruption_mass_min_ratio": 0.01,
    "disruption_mass_max_ratio": 0.1,
    "disruption_mass_grain_ratio": 0.25,
    "fragmentation_on": false,
    "fragmentation_show_individual_lcs": false,
    "fragmentation_entries": [],
    "fragmentation_file_name": "metsim_fragmentation.txt",
    "electron_density_meas_ht": -1000,
    "electron_density_meas_q": -1,
    "erosion_beg_vel": 67819.73497711496,
    "erosion_beg_mass": 1.9697599410684026e-06,
    "erosion_beg_dyn_press": 179.01959445671022,
    "mass_at_erosion_change": null,
    "energy_per_cs_before_erosion": null,
    "energy_per_mass_before_erosion": null,
    "main_mass_exhaustion_ht": 103105.26636229747,
    "main_bottom_ht": 103105.26636229747,
    "noise_lag": 11.335127153433868,
    "noise_lum": 7.385005971477499
}