{
    "dt": 0.005,
    "total_time": 1.4299999999999915,
    "n_active": 0,
    "m_kill": 1e-14,
    "v_kill": 59001.43355169484,
    "h_kill": 95243.70007677114,
    "len_kill": -1000,
    "h_init": 180000,
    "P_0m": 935,
    "dens_co": [
        -454.2709309072581,
        20544.42528251862,
        -381777.8643087872,
        3705507.3417760683,
        -19930482.95287617,
        56495797.12508106,
        -66062435.79563239
    ],
    "r_earth": 6371008.7714,
    "total_fragments": 603,
    "wake_psf": 3.0,
    "wake_extension": 200,
    "rho": 233.2885662181591,
    "m_init": 2.5745038270059247e-06,
    "v_init": 67869.80154844897,
    "shape_factor": 1.21,
    "sigma": 3.7474978597639544e-08,
    "zenith_angle": 0.49627004333893665,
    "gamma": 1.0,
    "rho_grain": 3000,
    "lum_eff_type": 5,
    "lum_eff": 0.7,
    "mu": 3.8180000000000003e-26,
    "erosion_on": true,
    "erosion_bins_per_10mass": 10,
    "erosion_height_start": 115551.43596454545,
    "erosion_coeff": 2.953381886595322e-07,
    "erosion_height_change": 1,
    "erosion_coeff_change": 3.3e-07,
    "erosion_rho_change": 3700,
    "erosion_sigma_change": 2.3e-08,
    "erosion_grain_distribution": "powerlaw",
    "erosion_mass_index": 2.209215991251903,
    "erosion_mass_min": 2.899477763565615e-11,
    "erosion_mass_max": 9.789655966394682e-08,
    "disruption_on": false,
    "compressive_strength": 2000,
    "disruption_height": null,
    "disruption_erosion_coeff": 3.3e-07,
    "disruption_mass_index": 2.0,
    "disruption_mass_min_ratio": 0.01,
    "disruption_mass_max_ratio": 0.1,
    "disruption_mass_grain_ratio": 0.25,
    "fragmentation_on": false,
    "fragmentation_show_individual_lcs": false,
    "fragmentation_entries": [],
    "fragmentation_file_name": "metsim_fragmentation.txt",
    "electron_density_meas_ht": -1000,
    "electron_density_meas_q": -1,
    "erosion_beg_vel": 67797.9397230386,
    "erosion_beg_mass": 2.0505101694028366e-06,
    "erosion_beg_dyn_press": 178.52903927453988,
    "mass_at_erosion_change": null,
    "energy_per_cs_before_erosion": null,
    "energy_per_mass_before_erosion": null,
    "main_mass_exhaustion_ht": 103098.71824977837,
    "main_bottom_ht": 103098.71824977837,
    "noise_lag": 10.90227261371072,
    "noise_lum": 6.703580952166081
}