{
    "dt": 0.005,
    "total_time": 1.4299999999999915,
    "n_active": 0,
    "m_kill": 1e-14,
    "v_kill": 59001.43355169484,
    "h_kill": 95243.70007677114,
    "len_kill": -1000,
    "h_init": 180000,
    "P_0m": 935,
    "dens_co": [
        -454.2709309072581,
        20544.42528251862,
        -381777.8643087872,
        3705507.3417760683,
        -19930482.95287617,
        56495797.12508106,
        -66062435.79563239
    ],
    "r_earth": 6371008.7714,
    "total_fragments": 579,
    "wake_psf": 3.0,
    "wake_extension": 200,
    "rho": 133.3650583350383,
    "m_init": 2.7070876918668923e-06,
    "v_init": 67961.1861367524,
    "shape_factor": 1.21,
    "sigma": 3.0427132593178113e-08,
    "zenith_angle": 0.49627004333893665,
    "gamma": 1.0,
    "rho_grain": 3000,
    "lum_eff_type": 5,
    "lum_eff": 0.7,
    "mu": 3.8180000000000003e-26,
    "erosion_on": true,
    "erosion_bins_per_10mass": 10,
    "erosion_height_start": 115681.72571616183,
    "erosion_coeff": 2.0708724452916516e-07,
    "erosion_height_change": 1,
    "erosion_coeff_change": 3.3e-07,
    "erosion_rho_change": 3700,
    "erosion_sigma_change": 2.3e-08,
    "erosion_grain_distribution": "powerlaw",
    "erosion_mass_index": 2.2986577968974986,
    "erosion_mass_min": 2.8796035642053438e-11,
    "erosion_mass_max": 4.068277523146163e-08,
    "disruption_on": false,
    "compressive_strength": 2000,
    "disruption_height": null,
    "disruption_erosion_coeff": 3.3e-07,
    "disruption_mass_index": 2.0,
    "disruption_mass_min_ratio": 0.01,
    "disruption_mass_max_ratio": 0.1,
    "disruption_mass_grain_ratio": 0.25,
    "fragmentation_on": false,
    "fragmentation_show_individual_lcs": false,
    "fragmentation_entries": [],
    "fragmentation_file_name": "metsim_fragmentation.txt",
    "electron_density_meas_ht": -1000,
    "electron_density_meas_q": -1,
    "erosion_beg_vel": 67860.28327265843,
    "erosion_beg_mass": 2.102769698670007e-06,
    "erosion_beg_dyn_press": 173.4728976959623,
    "mass_at_erosion_change": null,
    "energy_per_cs_before_erosion": null,
    "energy_per_mass_before_erosion": null,
    "main_mass_exhaustion_ht": 103901.20100308991,
    "main_bottom_ht": 103901.20100308991,
    "noise_lag": 11.008515920675631,
    "noise_lum": 7.120803131067347
}