{
    "noise_lag": 10.714832476916389,
    "noise_lum": 2.7045258024834387,
    "file_name": [
        "/srv/public/mvovk/2ndPaper-Dynesty_ORI_CAP/test_WMPL/20191023_091225_init_run_plot/20191023_091225_trajectory.pickle"
    ],
    "P_0m": 935,
    "fps_lum": 32,
    "fps_lag": 80,
    "lum_files": [
        "/srv/public/mvovk/2ndPaper-Dynesty_ORI_CAP/test_WMPL/20191023_091225_init_run_plot/20191023_091225_trajectory.pickle",
        "/srv/public/mvovk/2ndPaper-Dynesty_ORI_CAP/test_WMPL/20191023_091225_init_run_plot/20191023_091225_trajectory.pickle"
    ],
    "lag_files": [
        "/srv/public/mvovk/2ndPaper-Dynesty_ORI_CAP/test_WMPL/20191023_091225_init_run_plot/20191023_091225_trajectory.pickle",
        "/srv/public/mvovk/2ndPaper-Dynesty_ORI_CAP/test_WMPL/20191023_091225_init_run_plot/20191023_091225_trajectory.pickle"
    ],
    "v_init": 67455.75241835894,
    "velocities": [
        67796.90740143505,
        69601.5996130855,
        67373.90193805344,
        67436.48071254742,
        67027.96941002249,
        66822.25358964335,
        68088.52358586747,
        67228.40016614839,
        67592.87070649891,
        68919.4404041751,
        68283.89251427005,
        66138.38910877299,
        67381.52901776214,
        66790.5948004592,
        67220.80207764036,
        64995.55459926502,
        67789.6271400718,
        69918.26453282272,
        66380.67455408802,
        68269.40626399215,
        66428.93839334887,
        66258.17076468826,
        67044.94407772347,
        65251.180226143835,
        66599.26053770656,
        66097.91811228929,
        64001.43355169484,
        67573.37042167105,
        68177.3800817537,
        65733.0691848287
    ],
    "lag": [
        -32.182527391611075,
        -9.683516396362393,
        -9.501693588415947,
        4.29487389933638,
        -12.798628112997903,
        -1.0497443994536297,
        -5.457689426924844,
        -2.3255657151166815,
        -3.082226401405933,
        13.339539759834224,
        6.215928108867956,
        1.14393243984523,
        6.474159387802501,
        -4.517845213165856,
        5.122220036464569,
        -28.16242655754104,
        9.468798983289162,
        -2.491050350759906,
        -0.2995804687780037,
        6.661980170203606,
        -9.584450333572022,
        -4.333648451414774,
        -12.698144038917235,
        -25.41735931301082,
        -20.276718031203927,
        -38.01840712646663,
        -53.88045440287533,
        -35.83829894244627,
        -45.64934683860338,
        -61.905469694480416
    ],
    "length": [
        0.0,
        697.272351680358,
        1372.2275151734157,
        1691.9532242689038,
        2046.4138544290636,
        2361.381946655223,
        2728.528133800248,
        3034.8794660246695,
        3405.676937510876,
        3725.3179121847315,
        4089.7484327062593,
        4387.895645549852,
        4764.780004670307,
        5057.007208581954,
        5438.2014060040765,
        5708.135967922686,
        6117.321325636012,
        6408.5806848145785,
        6782.326286869053,
        7092.507056020653,
        7447.81475768937,
        7756.284768084142,
        8119.474404669136,
        8409.974397907657,
        8786.669171361957,
        9072.146690779313,
        9427.838775675396,
        9749.100139648444,
        10110.84322392478,
        10769.36044175401
    ],
    "height_lag": [
        105663.31018042855,
        105053.3033082453,
        104462.83690193883,
        104183.140593071,
        103873.059280705,
        103597.53263883354,
        103276.36293622943,
        103008.38155376195,
        102684.02666404143,
        102404.42818689122,
        102085.65149307657,
        101824.86141213968,
        101495.20009345461,
        101239.5954170294,
        100906.1733478415,
        100670.07399471154,
        100312.17875633886,
        100057.43507570293,
        99730.54570041367,
        99459.2606003988,
        99148.50562692742,
        98878.72430250038,
        98561.0843978698,
        98307.02629721549,
        97977.58403954297,
        97727.9253582397,
        97416.85886513439,
        97135.91410152342,
        96819.56454657728,
        96243.70007677114
    ],
    "time_lag": [
        0.0,
        0.01001805067062378,
        0.02003610134124756,
        0.024578091158354104,
        0.030094385147094727,
        0.03459614182897788,
        0.040112435817718506,
        0.04461419249960166,
        0.050130486488342285,
        0.05463224317022544,
        0.060148537158966064,
        0.06465029384084922,
        0.07016658782958984,
        0.074668344511473,
        0.0801846385002136,
        0.08468639518209678,
        0.09020268917083737,
        0.09470444585272056,
        0.10022073984146115,
        0.10472249652334434,
        0.11023879051208493,
        0.11474054719396812,
        0.12025684118270871,
        0.1247585978645919,
        0.1302748918533325,
        0.13477664853521568,
        0.14029294252395627,
        0.14479469920583946,
        0.15031099319458005,
        0.16032904386520383
    ],
    "stations_lag": [
        "02T",
        "02T",
        "02T",
        "01T",
        "02T",
        "01T",
        "02T",
        "01T",
        "02T",
        "01T",
        "02T",
        "01T",
        "02T",
        "01T",
        "02T",
        "01T",
        "02T",
        "01T",
        "02T",
        "01T",
        "02T",
        "01T",
        "02T",
        "01T",
        "02T",
        "01T",
        "02T",
        "01T",
        "02T",
        "02T"
    ],
    "height_lum": [
        116109.82694577688,
        114801.12957497122,
        114276.71530745036,
        112969.14367878484,
        112441.15691219403,
        111130.26258829779,
        110602.83264817586,
        109295.76419667111,
        108772.93424176058,
        107460.1108819468,
        106936.50646658825,
        105624.45760910441,
        105101.25723384036,
        103797.28379321958,
        103271.8087635079,
        101961.84518453515,
        101440.40104673532,
        100136.83682126393,
        98322.80650950273
    ],
    "absolute_magnitudes": [
        5.1322012039027305,
        4.995993522992421,
        4.641404416941626,
        3.7956440243208536,
        3.3903083433519523,
        2.7250173479596325,
        2.48890461052273,
        2.204046362485802,
        2.0671339179161574,
        1.9727502987765022,
        1.7550561712312858,
        2.091114644028162,
        2.0526284375467356,
        2.449094630828033,
        2.479825890229076,
        2.9867551513688126,
        3.116672756518173,
        3.824010771211713,
        4.690857980431733
    ],
    "luminosity": [
        8.278108785398969,
        9.384566187982557,
        13.00917764257688,
        28.350061225567416,
        41.18018312238306,
        75.99843894392615,
        94.46039703427518,
        122.79850113256298,
        139.30222194416814,
        151.95377415984302,
        185.69026772403103,
        136.259174418265,
        141.17579298636358,
        97.98819517118781,
        95.25356851827564,
        59.718590710129575,
        52.98372747994716,
        27.618958812223674,
        12.429922438637519
    ],
    "time_lum": [
        0.0,
        0.022238418918649652,
        0.031140446662902832,
        0.053338632446329096,
        0.062240660190582275,
        0.08447907910923193,
        0.09338110685348511,
        0.11557929263691137,
        0.12448132038116455,
        0.1466795061645908,
        0.15558153390884402,
        0.17781995282749363,
        0.18672198057174685,
        0.20892016635517308,
        0.2178221940994263,
        0.2400606130180759,
        0.24896264076232913,
        0.2711608265457554,
        0.30230127320865824
    ],